"player.surname","player.givenName","team.name","over15dissies","over20dissies","over25dissies","over30dissies","over35dissies","over40dissies"
"Aarts","Jake","Richmond","19.05%","0.00%","0.00%","0.00%","0.00%","0.00%"
"Acres","Blake","Fremantle","77.78%","27.78%","5.56%","0.00%","0.00%","0.00%"
"Adams","Marcus","Brisbane Lions","53.33%","0.00%","0.00%","0.00%","0.00%","0.00%"
"Adams","Taylor","Collingwood","92.86%","92.86%","71.43%","42.86%","0.00%","0.00%"
"Ah Chee","Brendon","West Coast Eagles","16.67%","0.00%","0.00%","0.00%","0.00%","0.00%"
"Ah Chee","Callum","Brisbane Lions","9.52%","0.00%","0.00%","0.00%","0.00%","0.00%"
"Ainsworth","Ben","Gold Coast Suns","58.82%","23.53%","0.00%","0.00%","0.00%","0.00%"
"Ainsworth","Brayden","West Coast Eagles","0.00%","0.00%","0.00%","0.00%","0.00%","0.00%"
"Aish","James","Fremantle","81.82%","40.91%","9.09%","4.55%","0.00%","0.00%"
"Aliir","Aliir","Port Adelaide","54.55%","18.18%","0.00%","0.00%","0.00%","0.00%"
"Allen","Oscar","West Coast Eagles","4.76%","0.00%","0.00%","0.00%","0.00%","0.00%"
"Amartey","Joel","Sydney Swans","0.00%","0.00%","0.00%","0.00%","0.00%","0.00%"
"Ambrose","Patrick","Essendon","0.00%","0.00%","0.00%","0.00%","0.00%","0.00%"
"Amon","Karl","Port Adelaide","95.45%","77.27%","50.00%","13.64%","0.00%","0.00%"
"Anderson","Jed","North Melbourne","71.43%","42.86%","28.57%","0.00%","0.00%","0.00%"
"Anderson","Noah","Gold Coast Suns","85.00%","60.00%","45.00%","25.00%","5.00%","0.00%"
"Andrews","Harris","Brisbane Lions","66.67%","19.05%","0.00%","0.00%","0.00%","0.00%"
"Ash","Lachie","GWS Giants","66.67%","38.10%","14.29%","4.76%","4.76%","0.00%"
"Astbury","David","Richmond","41.18%","5.88%","0.00%","0.00%","0.00%","0.00%"
"Atkins","Rory","Gold Coast Suns","25.00%","0.00%","0.00%","0.00%","0.00%","0.00%"
"Atkins","Tom","Geelong Cats","84.21%","26.32%","10.53%","0.00%","0.00%","0.00%"
"Atley","Shaun","North Melbourne","75.00%","35.00%","5.00%","0.00%","0.00%","0.00%"
"Bailey","Zac","Brisbane Lions","86.36%","27.27%","18.18%","0.00%","0.00%","0.00%"
"Baker","Liam","Richmond","95.45%","50.00%","13.64%","4.55%","0.00%","0.00%"
"Baker","Oskar","Melbourne","33.33%","0.00%","0.00%","0.00%","0.00%","0.00%"
"Ballard","Charlie","Gold Coast Suns","52.38%","4.76%","0.00%","0.00%","0.00%","0.00%"
"Ballenden","Connor","Brisbane Lions","0.00%","0.00%","0.00%","0.00%","0.00%","0.00%"
"Balta","Noah","Richmond","35.71%","0.00%","0.00%","0.00%","0.00%","0.00%"
"Banfield","Bailey","Fremantle","16.67%","0.00%","0.00%","0.00%","0.00%","0.00%"
"Barrass","Tom","West Coast Eagles","37.50%","12.50%","0.00%","0.00%","0.00%","0.00%"
"Battle","Josh","St Kilda","31.25%","6.25%","0.00%","0.00%","0.00%","0.00%"
"Bell","James","Sydney Swans","9.09%","0.00%","0.00%","0.00%","0.00%","0.00%"
"Bergman","Miles","Port Adelaide","57.14%","19.05%","0.00%","0.00%","0.00%","0.00%"
"Berry","Jarrod","Brisbane Lions","55.56%","0.00%","0.00%","0.00%","0.00%","0.00%"
"Berry","Sam","Adelaide Crows","5.88%","0.00%","0.00%","0.00%","0.00%","0.00%"
"Berry","Thomas","Brisbane Lions","0.00%","0.00%","0.00%","0.00%","0.00%","0.00%"
"Betts","Eddie","Carlton","0.00%","0.00%","0.00%","0.00%","0.00%","0.00%"
"Bewley","Brett","Fremantle","33.33%","0.00%","0.00%","0.00%","0.00%","0.00%"
"Bews","Jed","Geelong Cats","40.91%","13.64%","0.00%","0.00%","0.00%","0.00%"
"Bianco","Trent","Collingwood","41.67%","0.00%","0.00%","0.00%","0.00%","0.00%"
"Billings","Jack","St Kilda","77.78%","44.44%","22.22%","11.11%","0.00%","0.00%"
"Birchall","Grant","Brisbane Lions","90.48%","38.10%","14.29%","0.00%","0.00%","0.00%"
"Blakely","Connor","Fremantle","15.38%","0.00%","0.00%","0.00%","0.00%","0.00%"
"Blakey","Nick","Sydney Swans","47.06%","5.88%","0.00%","0.00%","0.00%","0.00%"
"Blicavs","Mark","Geelong Cats","42.86%","9.52%","0.00%","0.00%","0.00%","0.00%"
"Boak","Travis","Port Adelaide","100.00%","100.00%","90.48%","28.57%","0.00%","0.00%"
"Bolton","Shai","Richmond","75.00%","60.00%","20.00%","0.00%","0.00%","0.00%"
"Bonar","Aiden","North Melbourne","30.00%","10.00%","0.00%","0.00%","0.00%","0.00%"
"Bonner","Riley","Port Adelaide","83.33%","41.67%","8.33%","0.00%","0.00%","0.00%"
"Bontempelli","Marcus","Western Bulldogs","100.00%","86.36%","81.82%","40.91%","4.55%","0.00%"
"Bosenavulagi","Atu","North Melbourne","50.00%","0.00%","0.00%","0.00%","0.00%","0.00%"
"Bowes","Jack","Gold Coast Suns","89.47%","57.89%","26.32%","21.05%","0.00%","0.00%"
"Bowey","Jake","Melbourne","75.00%","25.00%","0.00%","0.00%","0.00%","0.00%"
"Bramble","Lachlan","Hawthorn","80.00%","30.00%","30.00%","0.00%","0.00%","0.00%"
"Brand","Kaiden","Sydney Swans","0.00%","0.00%","0.00%","0.00%","0.00%","0.00%"
"Brander","Jarrod","West Coast Eagles","54.55%","9.09%","0.00%","0.00%","0.00%","0.00%"
"Brayshaw","Andrew","Fremantle","100.00%","90.00%","80.00%","40.00%","5.00%","0.00%"
"Brayshaw","Angus","Melbourne","77.27%","22.73%","9.09%","0.00%","0.00%","0.00%"
"Breust","Luke","Hawthorn","21.05%","0.00%","0.00%","0.00%","0.00%","0.00%"
"Briggs","Kieren","GWS Giants","0.00%","0.00%","0.00%","0.00%","0.00%","0.00%"
"Broad","Nathan","Richmond","64.29%","21.43%","7.14%","0.00%","0.00%","0.00%"
"Brockman","Tyler","Hawthorn","0.00%","0.00%","0.00%","0.00%","0.00%","0.00%"
"Brodie","Will","Gold Coast Suns","60.00%","20.00%","0.00%","0.00%","0.00%","0.00%"
"Brown","Ben","Melbourne","0.00%","0.00%","0.00%","0.00%","0.00%","0.00%"
"Brown","Callum L.","Collingwood","6.67%","6.67%","0.00%","0.00%","0.00%","0.00%"
"Brown","Callum M.","GWS Giants","0.00%","0.00%","0.00%","0.00%","0.00%","0.00%"
"Brown","Luke","Adelaide Crows","54.55%","9.09%","0.00%","0.00%","0.00%","0.00%"
"Brown","Mitch","Melbourne","0.00%","0.00%","0.00%","0.00%","0.00%","0.00%"
"Brown","Tyler","Collingwood","57.14%","0.00%","0.00%","0.00%","0.00%","0.00%"
"Bruce","Josh","Western Bulldogs","20.00%","5.00%","0.00%","0.00%","0.00%","0.00%"
"Bruhn","Tanner","GWS Giants","0.00%","0.00%","0.00%","0.00%","0.00%","0.00%"
"Bryan","Nick","Essendon","0.00%","0.00%","0.00%","0.00%","0.00%","0.00%"
"Buckley","Jack","GWS Giants","20.00%","0.00%","0.00%","0.00%","0.00%","0.00%"
"Budarick","Connor","Gold Coast Suns","50.00%","0.00%","0.00%","0.00%","0.00%","0.00%"
"Buntine","Matt","GWS Giants","0.00%","0.00%","0.00%","0.00%","0.00%","0.00%"
"Burgess","Chris","Gold Coast Suns","5.26%","0.00%","0.00%","0.00%","0.00%","0.00%"
"Burgoyne","Shaun","Hawthorn","38.89%","5.56%","0.00%","0.00%","0.00%","0.00%"
"Burton","Ryan","Port Adelaide","72.73%","31.82%","13.64%","0.00%","0.00%","0.00%"
"Butler","Dan","St Kilda","18.18%","4.55%","0.00%","0.00%","0.00%","0.00%"
"Butler","Louis","Western Bulldogs","0.00%","0.00%","0.00%","0.00%","0.00%","0.00%"
"Butters","Zak","Port Adelaide","90.00%","30.00%","20.00%","10.00%","10.00%","0.00%"
"Butts","Jordon","Adelaide Crows","13.64%","0.00%","0.00%","0.00%","0.00%","0.00%"
"Byrne-Jones","Darcy","Port Adelaide","90.91%","50.00%","18.18%","0.00%","0.00%","0.00%"
"Byrnes","Ryan","St Kilda","56.25%","18.75%","0.00%","0.00%","0.00%","0.00%"
"Bytel","Jack","St Kilda","38.46%","7.69%","0.00%","0.00%","0.00%","0.00%"
"Caddy","Josh","Richmond","66.67%","22.22%","0.00%","0.00%","0.00%","0.00%"
"Cahill","Ned","Essendon","0.00%","0.00%","0.00%","0.00%","0.00%","0.00%"
"Caldwell","Jye","Essendon","50.00%","50.00%","0.00%","0.00%","0.00%","0.00%"
"Cameron","Charlie","Brisbane Lions","4.55%","0.00%","0.00%","0.00%","0.00%","0.00%"
"Cameron","Darcy","Collingwood","22.22%","5.56%","0.00%","0.00%","0.00%","0.00%"
"Cameron","Jeremy","Geelong Cats","25.00%","8.33%","0.00%","0.00%","0.00%","0.00%"
"Campbell","Braeden","Sydney Swans","25.00%","12.50%","12.50%","0.00%","0.00%","0.00%"
"Campbell","Tom","North Melbourne","11.11%","0.00%","0.00%","0.00%","0.00%","0.00%"
"Carlisle","Jake","St Kilda","0.00%","0.00%","0.00%","0.00%","0.00%","0.00%"
"Casboult","Levi","Carlton","0.00%","0.00%","0.00%","0.00%","0.00%","0.00%"
"Castagna","Jason","Richmond","33.33%","0.00%","0.00%","0.00%","0.00%","0.00%"
"Cavarra","Ben","Western Bulldogs","0.00%","0.00%","0.00%","0.00%","0.00%","0.00%"
"Ceglar","Jonathon","Hawthorn","66.67%","16.67%","0.00%","0.00%","0.00%","0.00%"
"Cerra","Adam","Fremantle","94.44%","77.78%","38.89%","11.11%","0.00%","0.00%"
"Chandler","Kade","Melbourne","0.00%","0.00%","0.00%","0.00%","0.00%","0.00%"
"Chapman","Heath","Fremantle","50.00%","0.00%","0.00%","0.00%","0.00%","0.00%"
"Chol","Mabior","Richmond","10.00%","0.00%","0.00%","0.00%","0.00%","0.00%"
"Clark","Hunter","St Kilda","76.92%","53.85%","15.38%","7.69%","0.00%","0.00%"
"Clark","Jordan","Geelong Cats","45.45%","0.00%","0.00%","0.00%","0.00%","0.00%"
"Clarke","Dylan","Essendon","50.00%","0.00%","0.00%","0.00%","0.00%","0.00%"
"Clarke","Ryan","Sydney Swans","0.00%","0.00%","0.00%","0.00%","0.00%","0.00%"
"Clavarino","Oscar","St Kilda","0.00%","0.00%","0.00%","0.00%","0.00%","0.00%"
"Close","Brad","Geelong Cats","31.58%","5.26%","0.00%","0.00%","0.00%","0.00%"
"Clurey","Tom","Port Adelaide","36.36%","0.00%","0.00%","0.00%","0.00%","0.00%"
"Cockatoo","Nakia","Brisbane Lions","0.00%","0.00%","0.00%","0.00%","0.00%","0.00%"
"Coffield","Nick","St Kilda","56.25%","12.50%","0.00%","0.00%","0.00%","0.00%"
"Cole","Tom","West Coast Eagles","36.36%","4.55%","0.00%","0.00%","0.00%","0.00%"
"Coleman","Keidean","Brisbane Lions","6.25%","0.00%","0.00%","0.00%","0.00%","0.00%"
"Coleman-Jones","Callum","Richmond","0.00%","0.00%","0.00%","0.00%","0.00%","0.00%"
"Collier-Dawkins","Riley","Richmond","44.44%","0.00%","0.00%","0.00%","0.00%","0.00%"
"Collins","Sam","Gold Coast Suns","21.05%","5.26%","0.00%","0.00%","0.00%","0.00%"
"Colyer","Travis","Fremantle","31.82%","0.00%","0.00%","0.00%","0.00%","0.00%"
"Comben","Charlie","North Melbourne","0.00%","0.00%","0.00%","0.00%","0.00%","0.00%"
"Conca","Reece","Fremantle","50.00%","10.00%","0.00%","0.00%","0.00%","0.00%"
"Coniglio","Stephen","GWS Giants","60.00%","40.00%","0.00%","0.00%","0.00%","0.00%"
"Connolly","Leo","St Kilda","14.29%","0.00%","0.00%","0.00%","0.00%","0.00%"
"Constable","Charlie","Geelong Cats","33.33%","0.00%","0.00%","0.00%","0.00%","0.00%"
"Cook","Brayden","Adelaide Crows","66.67%","0.00%","0.00%","0.00%","0.00%","0.00%"
"Corbett","Josh","Gold Coast Suns","18.75%","0.00%","0.00%","0.00%","0.00%","0.00%"
"Cordy","Zaine","Western Bulldogs","11.76%","0.00%","0.00%","0.00%","0.00%","0.00%"
"Corr","Aidan","North Melbourne","50.00%","50.00%","0.00%","0.00%","0.00%","0.00%"
"Cotchin","Trent","Richmond","82.35%","58.82%","17.65%","11.76%","0.00%","0.00%"
"Cottrell","Matthew","Carlton","28.57%","0.00%","0.00%","0.00%","0.00%","0.00%"
"Cousins","James","Hawthorn","90.00%","60.00%","10.00%","0.00%","0.00%","0.00%"
"Cox","Brennan","Fremantle","25.00%","0.00%","0.00%","0.00%","0.00%","0.00%"
"Cox","Mason","Collingwood","14.29%","0.00%","0.00%","0.00%","0.00%","0.00%"
"Cox","Nik","Essendon","38.10%","4.76%","0.00%","0.00%","0.00%","0.00%"
"Cripps","Jamie","West Coast Eagles","27.27%","13.64%","9.09%","0.00%","0.00%","0.00%"
"Cripps","Patrick","Carlton","100.00%","85.00%","40.00%","5.00%","0.00%","0.00%"
"Crisp","Jack","Collingwood","100.00%","86.36%","63.64%","50.00%","9.09%","0.00%"
"Crouch","Brad","St Kilda","100.00%","85.00%","65.00%","25.00%","15.00%","0.00%"
"Crowden","Mitch","Fremantle","18.75%","6.25%","0.00%","0.00%","0.00%","0.00%"
"Crozier","Hayden","Western Bulldogs","50.00%","10.00%","10.00%","0.00%","0.00%","0.00%"
"Cumming","Isaac","GWS Giants","100.00%","72.73%","22.73%","4.55%","0.00%","0.00%"
"Cuningham","David","Carlton","50.00%","25.00%","25.00%","0.00%","0.00%","0.00%"
"Cunningham","Harry","Sydney Swans","55.00%","35.00%","15.00%","0.00%","0.00%","0.00%"
"Cunnington","Ben","North Melbourne","100.00%","100.00%","73.33%","20.00%","13.33%","0.00%"
"Curnow","Charlie","Carlton","25.00%","0.00%","0.00%","0.00%","0.00%","0.00%"
"Curnow","Ed","Carlton","90.91%","72.73%","45.45%","9.09%","0.00%","0.00%"
"Cutler","Tom","Essendon","41.67%","16.67%","0.00%","0.00%","0.00%","0.00%"
"Dahlhaus","Luke","Geelong Cats","30.00%","10.00%","0.00%","0.00%","0.00%","0.00%"
"Daicos","Josh","Collingwood","88.24%","35.29%","17.65%","0.00%","0.00%","0.00%"
"Dale","Bailey","Western Bulldogs","95.45%","86.36%","45.45%","22.73%","0.00%","0.00%"
"Dangerfield","Patrick","Geelong Cats","92.31%","76.92%","38.46%","15.38%","7.69%","0.00%"
"Daniel","Caleb","Western Bulldogs","95.24%","80.95%","57.14%","23.81%","0.00%","0.00%"
"Daniels","Brent","GWS Giants","38.46%","7.69%","0.00%","0.00%","0.00%","0.00%"
"Daniher","Joe","Brisbane Lions","50.00%","4.55%","4.55%","0.00%","0.00%","0.00%"
"Darcy","Sean","Fremantle","71.43%","14.29%","4.76%","0.00%","0.00%","0.00%"
"Darling","Jack","West Coast Eagles","31.82%","0.00%","0.00%","0.00%","0.00%","0.00%"
"Davies","Alex","Gold Coast Suns","100.00%","0.00%","0.00%","0.00%","0.00%","0.00%"
"Davies-Uniacke","Luke","North Melbourne","100.00%","65.00%","15.00%","5.00%","5.00%","0.00%"
"Davis","Ben","Adelaide Crows","0.00%","0.00%","0.00%","0.00%","0.00%","0.00%"
"Davis","Phil","GWS Giants","10.00%","0.00%","0.00%","0.00%","0.00%","0.00%"
"Dawson","Jordan","Sydney Swans","100.00%","81.82%","27.27%","9.09%","0.00%","0.00%"
"Day","Sam","Gold Coast Suns","0.00%","0.00%","0.00%","0.00%","0.00%","0.00%"
"Day","Will","Hawthorn","60.00%","40.00%","40.00%","0.00%","0.00%","0.00%"
"de Boer","Matt","GWS Giants","44.44%","11.11%","0.00%","0.00%","0.00%","0.00%"
"De Goey","Jordan","Collingwood","85.00%","50.00%","45.00%","20.00%","0.00%","0.00%"
"De Koning","Sam","Geelong Cats","0.00%","0.00%","0.00%","0.00%","0.00%","0.00%"
"De Koning","Tom","Carlton","23.08%","0.00%","0.00%","0.00%","0.00%","0.00%"
"Dixon","Charlie","Port Adelaide","13.64%","0.00%","0.00%","0.00%","0.00%","0.00%"
"Docherty","Sam","Carlton","100.00%","85.71%","50.00%","7.14%","0.00%","0.00%"
"Doedee","Tom","Adelaide Crows","66.67%","33.33%","0.00%","0.00%","0.00%","0.00%"
"Dow","Paddy","Carlton","52.94%","23.53%","0.00%","0.00%","0.00%","0.00%"
"Dow","Thomson","Richmond","40.00%","20.00%","0.00%","0.00%","0.00%","0.00%"
"Downie","Connor","Hawthorn","0.00%","0.00%","0.00%","0.00%","0.00%","0.00%"
"Draper","Sam","Essendon","8.33%","0.00%","0.00%","0.00%","0.00%","0.00%"
"Drew","Willem","Port Adelaide","72.73%","31.82%","18.18%","9.09%","0.00%","0.00%"
"Duggan","Liam","West Coast Eagles","78.57%","35.71%","14.29%","7.14%","7.14%","0.00%"
"Duman","Taylin","Fremantle","50.00%","16.67%","0.00%","0.00%","0.00%","0.00%"
"Dumont","Trent","North Melbourne","71.43%","35.71%","7.14%","0.00%","0.00%","0.00%"
"Duncan","Mitch","Geelong Cats","90.00%","80.00%","60.00%","30.00%","10.00%","0.00%"
"Dunkley","Josh","Western Bulldogs","90.91%","63.64%","54.55%","27.27%","9.09%","0.00%"
"Dunstan","Luke","St Kilda","100.00%","83.33%","75.00%","8.33%","0.00%","0.00%"
"Durdin","Corey","Carlton","0.00%","0.00%","0.00%","0.00%","0.00%","0.00%"
"Durham","Sam","Essendon","50.00%","16.67%","0.00%","0.00%","0.00%","0.00%"
"Duryea","Taylor","Western Bulldogs","85.71%","38.10%","0.00%","0.00%","0.00%","0.00%"
"Duursma","Xavier","Port Adelaide","88.89%","33.33%","0.00%","0.00%","0.00%","0.00%"
"Edwards","Harry","West Coast Eagles","20.00%","0.00%","0.00%","0.00%","0.00%","0.00%"
"Edwards","Luke","West Coast Eagles","37.50%","12.50%","12.50%","0.00%","0.00%","0.00%"
"Edwards","Shane","Richmond","75.00%","25.00%","18.75%","0.00%","0.00%","0.00%"
"Eggmolesse-Smith","Derek","Richmond","0.00%","0.00%","0.00%","0.00%","0.00%","0.00%"
"Elliott","Jamie","Collingwood","53.85%","15.38%","0.00%","0.00%","0.00%","0.00%"
"Ellis","Brandon","Gold Coast Suns","88.89%","66.67%","55.56%","16.67%","11.11%","5.56%"
"English","Tim","Western Bulldogs","27.78%","5.56%","0.00%","0.00%","0.00%","0.00%"
"Evans","Francis","Geelong Cats","0.00%","0.00%","0.00%","0.00%","0.00%","0.00%"
"Fantasia","Orazio","Port Adelaide","30.77%","0.00%","0.00%","0.00%","0.00%","0.00%"
"Farrar","Jy","Gold Coast Suns","60.00%","10.00%","0.00%","0.00%","0.00%","0.00%"
"Farrell","Kane","Port Adelaide","40.00%","10.00%","0.00%","0.00%","0.00%","0.00%"
"Finlayson","Jeremy","GWS Giants","7.69%","0.00%","0.00%","0.00%","0.00%","0.00%"
"Fiorini","Brayden","Gold Coast Suns","90.00%","80.00%","50.00%","30.00%","10.00%","10.00%"
"Fisher","Zac","Carlton","60.00%","10.00%","0.00%","0.00%","0.00%","0.00%"
"Flanders","Sam","Gold Coast Suns","31.25%","6.25%","0.00%","0.00%","0.00%","0.00%"
"Florent","Oliver","Sydney Swans","90.91%","40.91%","13.64%","0.00%","0.00%","0.00%"
"Flynn","Matt","GWS Giants","8.33%","0.00%","0.00%","0.00%","0.00%","0.00%"
"Fogarty","Darcy","Adelaide Crows","0.00%","0.00%","0.00%","0.00%","0.00%","0.00%"
"Fogarty","Lachie","Carlton","35.29%","29.41%","5.88%","0.00%","0.00%","0.00%"
"Foley","Luke","West Coast Eagles","33.33%","16.67%","0.00%","0.00%","0.00%","0.00%"
"Ford","Eddie","North Melbourne","0.00%","0.00%","0.00%","0.00%","0.00%","0.00%"
"Fox","Robbie","Sydney Swans","35.71%","14.29%","0.00%","0.00%","0.00%","0.00%"
"Frampton","Billy","Adelaide Crows","10.00%","0.00%","0.00%","0.00%","0.00%","0.00%"
"Francis","Aaron","Essendon","21.43%","7.14%","0.00%","0.00%","0.00%","0.00%"
"Franklin","Lance","Sydney Swans","23.53%","0.00%","0.00%","0.00%","0.00%","0.00%"
"Frawley","James","St Kilda","0.00%","0.00%","0.00%","0.00%","0.00%","0.00%"
"Frederick","Martin","Port Adelaide","25.00%","12.50%","0.00%","0.00%","0.00%","0.00%"
"Frederick","Michael","Fremantle","0.00%","0.00%","0.00%","0.00%","0.00%","0.00%"
"Fritsch","Bayley","Melbourne","4.76%","0.00%","0.00%","0.00%","0.00%","0.00%"
"Frost","Sam","Hawthorn","54.55%","4.55%","0.00%","0.00%","0.00%","0.00%"
"Fullarton","Tom","Brisbane Lions","20.00%","0.00%","0.00%","0.00%","0.00%","0.00%"
"Fyfe","Nat","Fremantle","100.00%","73.33%","53.33%","20.00%","0.00%","0.00%"
"Gaff","Andrew","West Coast Eagles","100.00%","80.95%","66.67%","47.62%","19.05%","0.00%"
"Garcia","Riley","Western Bulldogs","33.33%","0.00%","0.00%","0.00%","0.00%","0.00%"
"Gardiner","Darcy","Brisbane Lions","42.86%","14.29%","0.00%","0.00%","0.00%","0.00%"
"Gardner","Ryan","Western Bulldogs","0.00%","0.00%","0.00%","0.00%","0.00%","0.00%"
"Garner","Taylor","North Melbourne","50.00%","0.00%","0.00%","0.00%","0.00%","0.00%"
"Garthwaite","Ryan","Richmond","0.00%","0.00%","0.00%","0.00%","0.00%","0.00%"
"Gawn","Max","Melbourne","86.36%","31.82%","9.09%","0.00%","0.00%","0.00%"
"Geary","Jarryn","St Kilda","66.67%","0.00%","0.00%","0.00%","0.00%","0.00%"
"Georgiades","Mitch","Port Adelaide","4.76%","0.00%","0.00%","0.00%","0.00%","0.00%"
"Gibbons","Michael","Carlton","63.64%","9.09%","0.00%","0.00%","0.00%","0.00%"
"Ginnivan","Jack","Collingwood","0.00%","0.00%","0.00%","0.00%","0.00%","0.00%"
"Giro","Stefan","Fremantle","50.00%","25.00%","0.00%","0.00%","0.00%","0.00%"
"Gleeson","Martin","Essendon","20.00%","0.00%","0.00%","0.00%","0.00%","0.00%"
"Goldstein","Todd","North Melbourne","40.91%","9.09%","0.00%","0.00%","0.00%","0.00%"
"Gollant","Lachlan","Adelaide Crows","0.00%","0.00%","0.00%","0.00%","0.00%","0.00%"
"Graham","Caleb","Gold Coast Suns","0.00%","0.00%","0.00%","0.00%","0.00%","0.00%"
"Graham","Jack","Richmond","90.91%","36.36%","9.09%","9.09%","4.55%","0.00%"
"Grainger-Barras","Denver","Hawthorn","0.00%","0.00%","0.00%","0.00%","0.00%","0.00%"
"Gray","Robbie","Port Adelaide","81.25%","31.25%","12.50%","0.00%","0.00%","0.00%"
"Greaves","Damon","Hawthorn","28.57%","14.29%","0.00%","0.00%","0.00%","0.00%"
"Green","Tom","GWS Giants","88.24%","52.94%","29.41%","0.00%","0.00%","0.00%"
"Greene","Toby","GWS Giants","94.12%","29.41%","0.00%","0.00%","0.00%","0.00%"
"Greenwood","Hugh","Gold Coast Suns","80.00%","40.00%","13.33%","0.00%","0.00%","0.00%"
"Greenwood","Levi","Collingwood","50.00%","0.00%","0.00%","0.00%","0.00%","0.00%"
"Gresham","Jade","St Kilda","66.67%","66.67%","66.67%","0.00%","0.00%","0.00%"
"Grimes","Dylan","Richmond","42.86%","4.76%","0.00%","0.00%","0.00%","0.00%"
"Grundy","Brodie","Collingwood","85.00%","50.00%","15.00%","0.00%","0.00%","0.00%"
"Guelfi","Matt","Essendon","31.58%","5.26%","0.00%","0.00%","0.00%","0.00%"
"Gulden","Errol","Sydney Swans","58.82%","11.76%","0.00%","0.00%","0.00%","0.00%"
"Gunston","Jack","Hawthorn","0.00%","0.00%","0.00%","0.00%","0.00%","0.00%"
"Guthrie","Cameron","Geelong Cats","100.00%","95.00%","75.00%","50.00%","30.00%","5.00%"
"Guthrie","Zach","Geelong Cats","27.27%","9.09%","9.09%","0.00%","0.00%","0.00%"
"Hall","Aaron","North Melbourne","90.00%","85.00%","75.00%","55.00%","25.00%","0.00%"
"Ham","Brayden","Essendon","42.11%","15.79%","5.26%","0.00%","0.00%","0.00%"
"Hamill","Will","Adelaide Crows","11.76%","0.00%","0.00%","0.00%","0.00%","0.00%"
"Hamling","Joel","Fremantle","0.00%","0.00%","0.00%","0.00%","0.00%","0.00%"
"Hannan","Mitch","Western Bulldogs","7.69%","0.00%","0.00%","0.00%","0.00%","0.00%"
"Hannebery","Dan","St Kilda","100.00%","50.00%","0.00%","0.00%","0.00%","0.00%"
"Hanrahan","Oliver","Hawthorn","23.08%","0.00%","0.00%","0.00%","0.00%","0.00%"
"Harbrow","Jarrod","Gold Coast Suns","75.00%","25.00%","0.00%","0.00%","0.00%","0.00%"
"Hardwick","Blake","Hawthorn","90.00%","65.00%","15.00%","5.00%","0.00%","0.00%"
"Harmes","James","Melbourne","100.00%","60.00%","26.67%","6.67%","0.00%","0.00%"
"Hartigan","Kyle","Hawthorn","5.26%","0.00%","0.00%","0.00%","0.00%","0.00%"
"Hartlett","Hamish","Port Adelaide","60.00%","20.00%","10.00%","0.00%","0.00%","0.00%"
"Hartley","Michael","Hawthorn","66.67%","33.33%","33.33%","0.00%","0.00%","0.00%"
"Hately","Jackson","Adelaide Crows","33.33%","0.00%","0.00%","0.00%","0.00%","0.00%"
"Hawkins","Tom","Geelong Cats","18.18%","9.09%","0.00%","0.00%","0.00%","0.00%"
"Hayden","Kyron","North Melbourne","0.00%","0.00%","0.00%","0.00%","0.00%","0.00%"
"Haynes","Nick","GWS Giants","78.95%","21.05%","10.53%","0.00%","0.00%","0.00%"
"Hayward","Will","Sydney Swans","15.79%","0.00%","0.00%","0.00%","0.00%","0.00%"
"Heeney","Isaac","Sydney Swans","50.00%","25.00%","0.00%","0.00%","0.00%","0.00%"
"Henderson","Lachie","Geelong Cats","72.22%","22.22%","0.00%","0.00%","0.00%","0.00%"
"Henry","Jack","Geelong Cats","42.86%","4.76%","0.00%","0.00%","0.00%","0.00%"
"Henry","Liam","Fremantle","5.88%","0.00%","0.00%","0.00%","0.00%","0.00%"
"Henry","Oliver","Collingwood","10.00%","0.00%","0.00%","0.00%","0.00%","0.00%"
"Heppell","Dyson","Essendon","100.00%","100.00%","55.56%","0.00%","0.00%","0.00%"
"Hewett","George","Sydney Swans","60.00%","50.00%","15.00%","5.00%","0.00%","0.00%"
"Hibberd","Michael","Melbourne","46.67%","6.67%","0.00%","0.00%","0.00%","0.00%"
"Hickey","Tom","Sydney Swans","70.00%","20.00%","0.00%","0.00%","0.00%","0.00%"
"Higgins","Jack","St Kilda","52.63%","21.05%","0.00%","0.00%","0.00%","0.00%"
"Higgins","Shaun","Geelong Cats","81.25%","75.00%","18.75%","0.00%","0.00%","0.00%"
"Highmore","Tom","St Kilda","46.15%","15.38%","0.00%","0.00%","0.00%","0.00%"
"Hill","Bobby","GWS Giants","6.25%","0.00%","0.00%","0.00%","0.00%","0.00%"
"Hill","Bradley","St Kilda","81.82%","50.00%","36.36%","4.55%","0.00%","0.00%"
"Himmelberg","Elliott","Adelaide Crows","0.00%","0.00%","0.00%","0.00%","0.00%","0.00%"
"Himmelberg","Harry","GWS Giants","36.36%","9.09%","0.00%","0.00%","0.00%","0.00%"
"Hind","Nick","Essendon","95.45%","81.82%","27.27%","9.09%","0.00%","0.00%"
"Hinge","Mitchell","Adelaide Crows","0.00%","0.00%","0.00%","0.00%","0.00%","0.00%"
"Hipwood","Eric","Brisbane Lions","6.25%","0.00%","0.00%","0.00%","0.00%","0.00%"
"Hogan","Jesse","GWS Giants","37.50%","0.00%","0.00%","0.00%","0.00%","0.00%"
"Holman","Nick","Gold Coast Suns","25.00%","6.25%","0.00%","0.00%","0.00%","0.00%"
"Holmes","Max","Geelong Cats","40.00%","0.00%","0.00%","0.00%","0.00%","0.00%"
"Honey","Josh","Carlton","0.00%","0.00%","0.00%","0.00%","0.00%","0.00%"
"Hooker","Cale","Essendon","22.22%","0.00%","0.00%","0.00%","0.00%","0.00%"
"Hopper","Jacob","GWS Giants","100.00%","95.24%","61.90%","23.81%","9.52%","4.76%"
"Hoskin-Elliott","Will","Collingwood","55.00%","30.00%","5.00%","0.00%","0.00%","0.00%"
"Houli","Bachar","Richmond","100.00%","83.33%","33.33%","8.33%","0.00%","0.00%"
"Houston","Dan","Port Adelaide","85.71%","57.14%","28.57%","4.76%","0.00%","0.00%"
"Howard","Dougal","St Kilda","57.14%","14.29%","4.76%","0.00%","0.00%","0.00%"
"Howe","Daniel","Hawthorn","80.00%","40.00%","15.00%","10.00%","0.00%","0.00%"
"Howe","Jeremy","Collingwood","75.00%","62.50%","0.00%","0.00%","0.00%","0.00%"
"Hughes","Ethan","Fremantle","75.00%","37.50%","12.50%","0.00%","0.00%","0.00%"
"Hunt","Jayden","Melbourne","45.00%","10.00%","5.00%","0.00%","0.00%","0.00%"
"Hunter","Lachie","Western Bulldogs","95.24%","66.67%","33.33%","4.76%","0.00%","0.00%"
"Hunter","Paul","St Kilda","0.00%","0.00%","0.00%","0.00%","0.00%","0.00%"
"Hurn","Shannon","West Coast Eagles","86.67%","80.00%","46.67%","6.67%","0.00%","0.00%"
"Hutchings","Mark","West Coast Eagles","25.00%","0.00%","0.00%","0.00%","0.00%","0.00%"
"Idun","Connor","GWS Giants","28.57%","0.00%","0.00%","0.00%","0.00%","0.00%"
"Impey","Jarman","Hawthorn","92.31%","76.92%","23.08%","7.69%","0.00%","0.00%"
"Jackson","Luke","Melbourne","38.10%","14.29%","0.00%","0.00%","0.00%","0.00%"
"Jeffrey","Joel","Gold Coast Suns","0.00%","0.00%","0.00%","0.00%","0.00%","0.00%"
"Jeka","Emerson","Hawthorn","0.00%","0.00%","0.00%","0.00%","0.00%","0.00%"
"Jenkins","Josh","Geelong Cats","0.00%","0.00%","0.00%","0.00%","0.00%","0.00%"
"Jetta","Neville","Melbourne","0.00%","0.00%","0.00%","0.00%","0.00%","0.00%"
"Jiath","Changkuoth","Hawthorn","87.50%","50.00%","25.00%","0.00%","0.00%","0.00%"
"Johannisen","Jason","Western Bulldogs","23.81%","0.00%","0.00%","0.00%","0.00%","0.00%"
"Jonas","Tom","Port Adelaide","54.55%","9.09%","4.55%","0.00%","0.00%","0.00%"
"Jones","Chayce","Adelaide Crows","40.00%","0.00%","0.00%","0.00%","0.00%","0.00%"
"Jones","Harrison","Essendon","0.00%","0.00%","0.00%","0.00%","0.00%","0.00%"
"Jones","Jamaine","West Coast Eagles","6.67%","6.67%","0.00%","0.00%","0.00%","0.00%"
"Jones","Lachie","Port Adelaide","50.00%","0.00%","0.00%","0.00%","0.00%","0.00%"
"Jones","Liam","Carlton","26.32%","10.53%","0.00%","0.00%","0.00%","0.00%"
"Jones","Nathan","Melbourne","37.50%","0.00%","0.00%","0.00%","0.00%","0.00%"
"Jones","Zak","St Kilda","76.92%","61.54%","53.85%","30.77%","7.69%","0.00%"
"Jong","Lin","Western Bulldogs","0.00%","0.00%","0.00%","0.00%","0.00%","0.00%"
"Jordon","James","Melbourne","72.73%","50.00%","0.00%","0.00%","0.00%","0.00%"
"Joyce","Darragh","St Kilda","0.00%","0.00%","0.00%","0.00%","0.00%","0.00%"
"Keane","Mark","Collingwood","25.00%","25.00%","0.00%","0.00%","0.00%","0.00%"
"Keath","Alex","Western Bulldogs","35.00%","5.00%","0.00%","0.00%","0.00%","0.00%"
"Keays","Ben","Adelaide Crows","100.00%","100.00%","72.73%","45.45%","4.55%","0.00%"
"Keeffe","Lachlan","GWS Giants","12.50%","0.00%","0.00%","0.00%","0.00%","0.00%"
"Kelly","Jake","Adelaide Crows","55.00%","25.00%","0.00%","0.00%","0.00%","0.00%"
"Kelly","Josh","GWS Giants","100.00%","90.48%","71.43%","19.05%","4.76%","0.00%"
"Kelly","Tim","West Coast Eagles","84.21%","78.95%","63.16%","10.53%","5.26%","5.26%"
"Kelly","Will","Collingwood","0.00%","0.00%","0.00%","0.00%","0.00%","0.00%"
"Kemp","Brodie","Carlton","0.00%","0.00%","0.00%","0.00%","0.00%","0.00%"
"Kennedy","Adam","GWS Giants","55.56%","0.00%","0.00%","0.00%","0.00%","0.00%"
"Kennedy","Josh J.","West Coast Eagles","5.56%","0.00%","0.00%","0.00%","0.00%","0.00%"
"Kennedy","Josh P.","Sydney Swans","95.24%","71.43%","38.10%","14.29%","4.76%","4.76%"
"Kennedy","Matthew","Carlton","69.23%","61.54%","23.08%","0.00%","0.00%","0.00%"
"Kent","Dean","St Kilda","42.86%","0.00%","0.00%","0.00%","0.00%","0.00%"
"Khamis","Buku","Western Bulldogs","0.00%","0.00%","0.00%","0.00%","0.00%","0.00%"
"King","Ben","Gold Coast Suns","0.00%","0.00%","0.00%","0.00%","0.00%","0.00%"
"King","Max","St Kilda","0.00%","0.00%","0.00%","0.00%","0.00%","0.00%"
"Kolodjashnij","Jake","Geelong Cats","31.58%","5.26%","0.00%","0.00%","0.00%","0.00%"
"Koschitzke","Jacob","Hawthorn","5.00%","0.00%","0.00%","0.00%","0.00%","0.00%"
"Kreuger","Nathan","Geelong Cats","0.00%","0.00%","0.00%","0.00%","0.00%","0.00%"
"Ladhams","Peter","Port Adelaide","53.33%","13.33%","0.00%","0.00%","0.00%","0.00%"
"Laird","Rory","Adelaide Crows","100.00%","100.00%","100.00%","68.18%","31.82%","9.09%"
"Lambert","Kane","Richmond","92.31%","61.54%","15.38%","0.00%","0.00%","0.00%"
"Langdon","Ed","Melbourne","100.00%","71.43%","33.33%","4.76%","0.00%","0.00%"
"Langdon","Zac","West Coast Eagles","29.41%","5.88%","0.00%","0.00%","0.00%","0.00%"
"Langford","Kyle","Essendon","94.12%","47.06%","23.53%","0.00%","0.00%","0.00%"
"Larkey","Nick","North Melbourne","9.09%","4.55%","0.00%","0.00%","0.00%","0.00%"
"Laverde","Jayden","Essendon","59.09%","4.55%","0.00%","0.00%","0.00%","0.00%"
"Lazzaro","Charlie","North Melbourne","16.67%","0.00%","0.00%","0.00%","0.00%","0.00%"
"Lemmens","Sean","Gold Coast Suns","38.10%","9.52%","0.00%","0.00%","0.00%","0.00%"
"Lester","Ryan","Brisbane Lions","25.00%","0.00%","0.00%","0.00%","0.00%","0.00%"
"Lever","Jake","Melbourne","59.09%","18.18%","0.00%","0.00%","0.00%","0.00%"
"Lewis","Mitch","Hawthorn","0.00%","0.00%","0.00%","0.00%","0.00%","0.00%"
"Liberatore","Tom","Western Bulldogs","100.00%","76.19%","57.14%","9.52%","0.00%","0.00%"
"Lienert","Jarrod","Port Adelaide","80.00%","20.00%","0.00%","0.00%","0.00%","0.00%"
"Ling","Matthew","Sydney Swans","0.00%","0.00%","0.00%","0.00%","0.00%","0.00%"
"Lipinski","Patrick","Western Bulldogs","45.45%","36.36%","9.09%","0.00%","0.00%","0.00%"
"Lloyd","Daniel","GWS Giants","35.71%","0.00%","0.00%","0.00%","0.00%","0.00%"
"Lloyd","Jake","Sydney Swans","100.00%","100.00%","90.48%","28.57%","9.52%","0.00%"
"Lobb","Rory","Fremantle","38.46%","0.00%","0.00%","0.00%","0.00%","0.00%"
"Logue","Griffin","Fremantle","25.00%","0.00%","0.00%","0.00%","0.00%","0.00%"
"Long","Ben","St Kilda","20.00%","0.00%","0.00%","0.00%","0.00%","0.00%"
"Lonie","Jack","St Kilda","18.18%","0.00%","0.00%","0.00%","0.00%","0.00%"
"Lukosius","Jack","Gold Coast Suns","90.91%","50.00%","9.09%","0.00%","0.00%","0.00%"
"Lycett","Scott","Port Adelaide","50.00%","22.22%","0.00%","0.00%","0.00%","0.00%"
"Lynch","Max","Collingwood","50.00%","0.00%","0.00%","0.00%","0.00%","0.00%"
"Lynch","Tom","Adelaide Crows","83.33%","33.33%","16.67%","0.00%","0.00%","0.00%"
"Lynch","Tom J.","Richmond","11.11%","0.00%","0.00%","0.00%","0.00%","0.00%"
"Lyons","Jarryd","Brisbane Lions","100.00%","95.45%","72.73%","27.27%","18.18%","0.00%"
"Mackay","David","Adelaide Crows","33.33%","11.11%","0.00%","0.00%","0.00%","0.00%"
"MacPherson","Darcy","Gold Coast Suns","63.64%","18.18%","0.00%","0.00%","0.00%","0.00%"
"Macrae","Finlay","Collingwood","55.56%","22.22%","0.00%","0.00%","0.00%","0.00%"
"Macrae","Jack","Western Bulldogs","100.00%","100.00%","100.00%","90.91%","45.45%","13.64%"
"Madden","James","Brisbane Lions","11.11%","0.00%","0.00%","0.00%","0.00%","0.00%"
"Madgen","Jack","Collingwood","68.42%","15.79%","10.53%","0.00%","0.00%","0.00%"
"Maginness","Finn","Hawthorn","0.00%","0.00%","0.00%","0.00%","0.00%","0.00%"
"Mahony","Jack","North Melbourne","15.79%","5.26%","0.00%","0.00%","0.00%","0.00%"
"Mansell","Rhyan","Richmond","23.08%","0.00%","0.00%","0.00%","0.00%","0.00%"
"Markov","Oleg","Gold Coast Suns","82.35%","35.29%","0.00%","0.00%","0.00%","0.00%"
"Marshall","Rowan","St Kilda","53.85%","23.08%","7.69%","0.00%","0.00%","0.00%"
"Marshall","Todd","Port Adelaide","15.79%","0.00%","0.00%","0.00%","0.00%","0.00%"
"Martin","Dustin","Richmond","93.75%","75.00%","31.25%","12.50%","0.00%","0.00%"
"Martin","Jack","Carlton","9.09%","0.00%","0.00%","0.00%","0.00%","0.00%"
"Martin","Stefan","Western Bulldogs","14.29%","0.00%","0.00%","0.00%","0.00%","0.00%"
"Martyn","Will","Richmond","0.00%","0.00%","0.00%","0.00%","0.00%","0.00%"
"Mathieson","Rhys","Brisbane Lions","50.00%","28.57%","0.00%","0.00%","0.00%","0.00%"
"May","Steven","Melbourne","80.00%","50.00%","5.00%","0.00%","0.00%","0.00%"
"Mayes","Sam","Port Adelaide","18.18%","9.09%","0.00%","0.00%","0.00%","0.00%"
"Maynard","Brayden","Collingwood","81.82%","54.55%","31.82%","13.64%","0.00%","0.00%"
"Mayne","Chris","Collingwood","100.00%","82.35%","52.94%","5.88%","0.00%","0.00%"
"McAdam","Shane","Adelaide Crows","0.00%","0.00%","0.00%","0.00%","0.00%","0.00%"
"McCarthy","Lincoln","Brisbane Lions","22.73%","4.55%","0.00%","0.00%","0.00%","0.00%"
"McCartin","Tom","Sydney Swans","33.33%","0.00%","0.00%","0.00%","0.00%","0.00%"
"McCluggage","Hugh","Brisbane Lions","100.00%","77.27%","54.55%","27.27%","0.00%","0.00%"
"McCreery","Beau","Collingwood","0.00%","0.00%","0.00%","0.00%","0.00%","0.00%"
"McDonald","Logan","Sydney Swans","0.00%","0.00%","0.00%","0.00%","0.00%","0.00%"
"McDonald","Luke","North Melbourne","81.82%","45.45%","9.09%","0.00%","0.00%","0.00%"
"McDonald","Oscar","Carlton","0.00%","0.00%","0.00%","0.00%","0.00%","0.00%"
"McDonald","Tom","Melbourne","55.00%","15.00%","0.00%","0.00%","0.00%","0.00%"
"McDonald-Tipungwuti","Anthony","Essendon","15.00%","0.00%","0.00%","0.00%","0.00%","0.00%"
"McEntee","Jed","Port Adelaide","0.00%","0.00%","0.00%","0.00%","0.00%","0.00%"
"McEvoy","Ben","Hawthorn","9.09%","0.00%","0.00%","0.00%","0.00%","0.00%"
"McGovern","Jeremy","West Coast Eagles","73.33%","20.00%","0.00%","0.00%","0.00%","0.00%"
"McGovern","Mitch","Carlton","0.00%","0.00%","0.00%","0.00%","0.00%","0.00%"
"McGrath","Andrew","Essendon","85.71%","85.71%","42.86%","21.43%","0.00%","0.00%"
"McHenry","Ned","Adelaide Crows","19.05%","9.52%","0.00%","0.00%","0.00%","0.00%"
"McInerney","Justin","Sydney Swans","70.00%","35.00%","10.00%","0.00%","0.00%","0.00%"
"McInerney","Oscar","Brisbane Lions","38.10%","4.76%","0.00%","0.00%","0.00%","0.00%"
"McIntosh","Kamdyn","Richmond","58.82%","11.76%","0.00%","0.00%","0.00%","0.00%"
"McKay","Ben","North Melbourne","9.09%","0.00%","0.00%","0.00%","0.00%","0.00%"
"McKay","Harry","Carlton","10.53%","0.00%","0.00%","0.00%","0.00%","0.00%"
"McKenzie","Daniel","St Kilda","58.33%","25.00%","0.00%","0.00%","0.00%","0.00%"
"McKenzie","Trent","Port Adelaide","75.00%","8.33%","0.00%","0.00%","0.00%","0.00%"
"McKernan","Shaun","St Kilda","0.00%","0.00%","0.00%","0.00%","0.00%","0.00%"
"McLean","Hayden","Sydney Swans","9.09%","0.00%","0.00%","0.00%","0.00%","0.00%"
"McLean","Toby","Western Bulldogs","33.33%","33.33%","0.00%","0.00%","0.00%","0.00%"
"McNeil","Lachlan","Western Bulldogs","0.00%","0.00%","0.00%","0.00%","0.00%","0.00%"
"McPherson","Andrew","Adelaide Crows","50.00%","16.67%","0.00%","0.00%","0.00%","0.00%"
"McStay","Daniel","Brisbane Lions","22.22%","0.00%","0.00%","0.00%","0.00%","0.00%"
"Meek","Lloyd","Fremantle","0.00%","0.00%","0.00%","0.00%","0.00%","0.00%"
"Melican","Lewis","Sydney Swans","20.00%","0.00%","0.00%","0.00%","0.00%","0.00%"
"Melksham","Jake","Melbourne","16.67%","0.00%","0.00%","0.00%","0.00%","0.00%"
"Membrey","Tim","St Kilda","52.38%","9.52%","0.00%","0.00%","0.00%","0.00%"
"Menadue","Connor","North Melbourne","42.86%","14.29%","14.29%","0.00%","0.00%","0.00%"
"Menegola","Sam","Geelong Cats","95.00%","80.00%","40.00%","15.00%","5.00%","0.00%"
"Merrett","Zach","Essendon","100.00%","100.00%","90.91%","68.18%","36.36%","4.55%"
"Miers","Gryan","Geelong Cats","66.67%","8.33%","0.00%","0.00%","0.00%","0.00%"
"Mihocek","Brody","Collingwood","14.29%","4.76%","0.00%","0.00%","0.00%","0.00%"
"Miller","Ben","Richmond","0.00%","0.00%","0.00%","0.00%","0.00%","0.00%"
"Miller","Touk","Gold Coast Suns","100.00%","100.00%","90.48%","80.95%","28.57%","0.00%"
"Mills","Callum","Sydney Swans","100.00%","83.33%","77.78%","44.44%","5.56%","0.00%"
"Mitchell","Tom","Hawthorn","100.00%","100.00%","90.91%","68.18%","54.55%","18.18%"
"Moore","Darcy","Collingwood","61.54%","30.77%","15.38%","0.00%","0.00%","0.00%"
"Moore","Dylan","Hawthorn","60.00%","15.00%","5.00%","0.00%","0.00%","0.00%"
"Morris","Josh","Hawthorn","0.00%","0.00%","0.00%","0.00%","0.00%","0.00%"
"Morrison","Harry","Hawthorn","73.33%","26.67%","0.00%","0.00%","0.00%","0.00%"
"Motlop","Steven","Port Adelaide","58.82%","29.41%","5.88%","0.00%","0.00%","0.00%"
"Mumford","Shane","GWS Giants","25.00%","0.00%","0.00%","0.00%","0.00%","0.00%"
"Mundy","David","Fremantle","95.45%","81.82%","63.64%","18.18%","4.55%","0.00%"
"Murphy","Lachlan","Adelaide Crows","26.67%","0.00%","0.00%","0.00%","0.00%","0.00%"
"Murphy","Marc","Carlton","53.33%","6.67%","0.00%","0.00%","0.00%","0.00%"
"Murphy","Nathan","Collingwood","13.33%","0.00%","0.00%","0.00%","0.00%","0.00%"
"Murray","Nick","Adelaide Crows","0.00%","0.00%","0.00%","0.00%","0.00%","0.00%"
"Naish","Patrick","Richmond","16.67%","0.00%","0.00%","0.00%","0.00%","0.00%"
"Naitanui","Nic","West Coast Eagles","50.00%","22.73%","0.00%","0.00%","0.00%","0.00%"
"Nankervis","Toby","Richmond","75.00%","31.25%","0.00%","0.00%","0.00%","0.00%"
"Narkle","Quinton","Geelong Cats","50.00%","18.75%","18.75%","6.25%","0.00%","0.00%"
"Nash","Conor","Hawthorn","50.00%","37.50%","0.00%","0.00%","0.00%","0.00%"
"Naughton","Aaron","Western Bulldogs","23.81%","0.00%","0.00%","0.00%","0.00%","0.00%"
"Neal-Bullen","Alex","Melbourne","63.64%","13.64%","4.55%","0.00%","0.00%","0.00%"
"Neale","Lachie","Brisbane Lions","100.00%","86.67%","53.33%","26.67%","6.67%","0.00%"
"Nelson","Jackson","West Coast Eagles","26.32%","10.53%","5.26%","0.00%","0.00%","0.00%"
"Newcombe","Jai","Hawthorn","14.29%","0.00%","0.00%","0.00%","0.00%","0.00%"
"Newman","Nic","Carlton","92.86%","50.00%","14.29%","0.00%","0.00%","0.00%"
"Newnes","Jack","Carlton","68.42%","26.32%","5.26%","0.00%","0.00%","0.00%"
"Noble","John","Collingwood","90.91%","40.91%","9.09%","4.55%","0.00%","0.00%"
"O'Brien","Lochie","Carlton","60.00%","20.00%","0.00%","0.00%","0.00%","0.00%"
"O'Brien","Reilly","Adelaide Crows","50.00%","15.00%","0.00%","0.00%","0.00%","0.00%"
"O'Brien","Tim","Hawthorn","15.79%","5.26%","0.00%","0.00%","0.00%","0.00%"
"O'Connor","Mark","Geelong Cats","69.23%","15.38%","7.69%","0.00%","0.00%","0.00%"
"O'Connor","Ronin","Adelaide Crows","0.00%","0.00%","0.00%","0.00%","0.00%","0.00%"
"O'Halloran","Xavier","GWS Giants","35.29%","0.00%","0.00%","0.00%","0.00%","0.00%"
"O'Meara","Jaeger","Hawthorn","94.44%","88.89%","61.11%","33.33%","11.11%","0.00%"
"O'Neill","Xavier","West Coast Eagles","12.50%","0.00%","0.00%","0.00%","0.00%","0.00%"
"O'Riordan","Colin","Sydney Swans","0.00%","0.00%","0.00%","0.00%","0.00%","0.00%"
"Oliver","Clayton","Melbourne","100.00%","100.00%","90.91%","63.64%","40.91%","0.00%"
"Owies","Matthew","Carlton","7.69%","0.00%","0.00%","0.00%","0.00%","0.00%"
"Papley","Tom","Sydney Swans","45.45%","0.00%","0.00%","0.00%","0.00%","0.00%"
"Parfitt","Brandan","Geelong Cats","90.48%","47.62%","9.52%","9.52%","0.00%","0.00%"
"Parish","Darcy","Essendon","100.00%","81.82%","72.73%","54.55%","36.36%","13.64%"
"Parker","Luke","Sydney Swans","100.00%","100.00%","72.73%","36.36%","4.55%","0.00%"
"Parker","Matthew","Richmond","16.67%","0.00%","0.00%","0.00%","0.00%","0.00%"
"Parks","Luke","Carlton","0.00%","0.00%","0.00%","0.00%","0.00%","0.00%"
"Payne","Jack","Brisbane Lions","33.33%","11.11%","0.00%","0.00%","0.00%","0.00%"
"Pearce","Alex","Fremantle","10.00%","0.00%","0.00%","0.00%","0.00%","0.00%"
"Peatling","James","GWS Giants","33.33%","0.00%","0.00%","0.00%","0.00%","0.00%"
"Pedlar","Luke","Adelaide Crows","0.00%","0.00%","0.00%","0.00%","0.00%","0.00%"
"Pendlebury","Scott","Collingwood","88.89%","77.78%","44.44%","22.22%","0.00%","0.00%"
"Perkins","Archie","Essendon","25.00%","5.00%","0.00%","0.00%","0.00%","0.00%"
"Perryman","Harry","GWS Giants","100.00%","68.75%","37.50%","0.00%","0.00%","0.00%"
"Petracca","Christian","Melbourne","100.00%","100.00%","77.27%","40.91%","9.09%","0.00%"
"Petrevski-Seton","Sam","Carlton","50.00%","14.29%","0.00%","0.00%","0.00%","0.00%"
"Petruccelle","Jack","West Coast Eagles","11.76%","5.88%","0.00%","0.00%","0.00%","0.00%"
"Petty","Harrison","Melbourne","0.00%","0.00%","0.00%","0.00%","0.00%","0.00%"
"Phillips","Andrew","Essendon","0.00%","0.00%","0.00%","0.00%","0.00%","0.00%"
"Phillips","Tom","Hawthorn","86.36%","36.36%","9.09%","0.00%","0.00%","0.00%"
"Phillips","Will","North Melbourne","18.75%","0.00%","0.00%","0.00%","0.00%","0.00%"
"Pickett","Kysaiah","Melbourne","22.73%","0.00%","0.00%","0.00%","0.00%","0.00%"
"Pickett","Marlion","Richmond","55.56%","16.67%","0.00%","0.00%","0.00%","0.00%"
"Pittonet","Marc","Carlton","23.08%","0.00%","0.00%","0.00%","0.00%","0.00%"
"Plowman","Lachie","Carlton","26.32%","5.26%","0.00%","0.00%","0.00%","0.00%"
"Polec","Jared","North Melbourne","40.00%","40.00%","0.00%","0.00%","0.00%","0.00%"
"Poulter","Caleb","Collingwood","72.73%","18.18%","0.00%","0.00%","0.00%","0.00%"
"Powell","Tom","North Melbourne","61.54%","15.38%","7.69%","0.00%","0.00%","0.00%"
"Powell","Wil","Gold Coast Suns","68.18%","45.45%","9.09%","0.00%","0.00%","0.00%"
"Powell-Pepper","Sam","Port Adelaide","64.29%","14.29%","0.00%","0.00%","0.00%","0.00%"
"Prestia","Dion","Richmond","88.89%","66.67%","55.56%","11.11%","0.00%","0.00%"
"Prior","Jaxon","Brisbane Lions","5.88%","0.00%","0.00%","0.00%","0.00%","0.00%"
"Quaynor","Isaac","Collingwood","70.00%","35.00%","10.00%","0.00%","0.00%","0.00%"
"Ralphsmith","Hugo","Richmond","16.67%","0.00%","0.00%","0.00%","0.00%","0.00%"
"Rampe","Dane","Sydney Swans","78.95%","36.84%","5.26%","0.00%","0.00%","0.00%"
"Rankine","Izak","Gold Coast Suns","27.78%","0.00%","0.00%","0.00%","0.00%","0.00%"
"Rantall","Jay","Collingwood","0.00%","0.00%","0.00%","0.00%","0.00%","0.00%"
"Ratugolea","Esava","Geelong Cats","0.00%","0.00%","0.00%","0.00%","0.00%","0.00%"
"Redden","Jack","West Coast Eagles","94.44%","94.44%","50.00%","27.78%","5.56%","0.00%"
"Redman","Mason","Essendon","66.67%","42.86%","9.52%","4.76%","0.00%","0.00%"
"Reeves","Ned","Hawthorn","0.00%","0.00%","0.00%","0.00%","0.00%","0.00%"
"Reid","Sam","Sydney Swans","20.00%","0.00%","0.00%","0.00%","0.00%","0.00%"
"Reid","Sam J.","GWS Giants","7.14%","0.00%","0.00%","0.00%","0.00%","0.00%"
"Reid","Zach","Essendon","0.00%","0.00%","0.00%","0.00%","0.00%","0.00%"
"Riccardi","Jake","GWS Giants","22.22%","0.00%","0.00%","0.00%","0.00%","0.00%"
"Rich","Daniel","Brisbane Lions","100.00%","95.45%","72.73%","13.64%","0.00%","0.00%"
"Richards","Ed","Western Bulldogs","40.00%","0.00%","0.00%","0.00%","0.00%","0.00%"
"Ridley","Jordan","Essendon","90.48%","61.90%","33.33%","9.52%","4.76%","0.00%"
"Riewoldt","Jack","Richmond","13.64%","4.55%","0.00%","0.00%","0.00%","0.00%"
"Rioli","Daniel","Richmond","36.84%","15.79%","0.00%","0.00%","0.00%","0.00%"
"Rioli","Maurice","Richmond","0.00%","0.00%","0.00%","0.00%","0.00%","0.00%"
"Rivers","Trent","Melbourne","54.55%","13.64%","0.00%","0.00%","0.00%","0.00%"
"Robertson","Deven","Brisbane Lions","46.67%","0.00%","0.00%","0.00%","0.00%","0.00%"
"Robinson","Mitch","Brisbane Lions","65.00%","50.00%","20.00%","5.00%","0.00%","0.00%"
"Rockliff","Tom","Port Adelaide","0.00%","0.00%","0.00%","0.00%","0.00%","0.00%"
"Rohan","Gary","Geelong Cats","11.11%","0.00%","0.00%","0.00%","0.00%","0.00%"
"Ronke","Ben","Sydney Swans","0.00%","0.00%","0.00%","0.00%","0.00%","0.00%"
"Rosas","Malcolm","Gold Coast Suns","0.00%","0.00%","0.00%","0.00%","0.00%","0.00%"
"Ross","Jack","Richmond","33.33%","13.33%","6.67%","0.00%","0.00%","0.00%"
"Ross","Sebastian","St Kilda","90.00%","60.00%","20.00%","5.00%","0.00%","0.00%"
"Rotham","Josh","West Coast Eagles","68.42%","21.05%","0.00%","0.00%","0.00%","0.00%"
"Roughead","Jordan","Collingwood","28.57%","9.52%","0.00%","0.00%","0.00%","0.00%"
"Rowbottom","James","Sydney Swans","68.75%","25.00%","0.00%","0.00%","0.00%","0.00%"
"Rowe","James","Adelaide Crows","26.32%","5.26%","0.00%","0.00%","0.00%","0.00%"
"Rowell","Matt","Gold Coast Suns","41.67%","8.33%","0.00%","0.00%","0.00%","0.00%"
"Rozee","Connor","Port Adelaide","68.42%","21.05%","0.00%","0.00%","0.00%","0.00%"
"Ruscoe","Trey","Collingwood","33.33%","33.33%","0.00%","0.00%","0.00%","0.00%"
"Ryan","Liam","West Coast Eagles","14.29%","0.00%","0.00%","0.00%","0.00%","0.00%"
"Ryan","Luke","Fremantle","100.00%","63.16%","26.32%","0.00%","0.00%","0.00%"
"Ryan","Samson","Richmond","0.00%","0.00%","0.00%","0.00%","0.00%","0.00%"
"Ryder","Paddy","St Kilda","8.33%","0.00%","0.00%","0.00%","0.00%","0.00%"
"Saad","Adam","Carlton","86.36%","45.45%","13.64%","0.00%","0.00%","0.00%"
"Salem","Christian","Melbourne","95.24%","80.95%","61.90%","19.05%","4.76%","0.00%"
"Schache","Josh","Western Bulldogs","20.00%","0.00%","0.00%","0.00%","0.00%","0.00%"
"Schoenberg","Harry","Adelaide Crows","77.27%","36.36%","4.55%","4.55%","0.00%","0.00%"
"Schultz","Lachie","Fremantle","15.00%","5.00%","0.00%","0.00%","0.00%","0.00%"
"Scott","Anthony","Western Bulldogs","20.00%","0.00%","0.00%","0.00%","0.00%","0.00%"
"Scott","Bailey","North Melbourne","41.18%","11.76%","5.88%","0.00%","0.00%","0.00%"
"Scrimshaw","Jack","Hawthorn","85.00%","60.00%","30.00%","5.00%","0.00%","0.00%"
"Seedsman","Paul","Adelaide Crows","100.00%","95.45%","63.64%","18.18%","9.09%","0.00%"
"Selwood","Joel","Geelong Cats","90.48%","71.43%","52.38%","9.52%","4.76%","0.00%"
"Serong","Caleb","Fremantle","100.00%","59.09%","31.82%","22.73%","9.09%","0.00%"
"Setterfield","Will","Carlton","75.00%","12.50%","0.00%","0.00%","0.00%","0.00%"
"Sexton","Alex","Gold Coast Suns","23.81%","4.76%","0.00%","0.00%","0.00%","0.00%"
"Sharman","Cooper","St Kilda","20.00%","0.00%","0.00%","0.00%","0.00%","0.00%"
"Sharp","Harry","Brisbane Lions","0.00%","0.00%","0.00%","0.00%","0.00%","0.00%"
"Sharp","Jeremy","Gold Coast Suns","77.78%","44.44%","22.22%","22.22%","0.00%","0.00%"
"Sheed","Dom","West Coast Eagles","95.45%","86.36%","54.55%","31.82%","13.64%","4.55%"
"Sheppard","Brad","West Coast Eagles","70.00%","35.00%","5.00%","0.00%","0.00%","0.00%"
"Shiel","Dylan","Essendon","85.71%","42.86%","0.00%","0.00%","0.00%","0.00%"
"Shiels","Liam","Hawthorn","95.24%","66.67%","19.05%","0.00%","0.00%","0.00%"
"Shipley","Nick","GWS Giants","0.00%","0.00%","0.00%","0.00%","0.00%","0.00%"
"Sholl","Lachlan","Adelaide Crows","68.42%","42.11%","10.53%","5.26%","0.00%","0.00%"
"Short","Jayden","Richmond","100.00%","95.45%","50.00%","13.64%","0.00%","0.00%"
"Shuey","Luke","West Coast Eagles","100.00%","57.14%","42.86%","14.29%","0.00%","0.00%"
"Sidebottom","Steele","Collingwood","95.24%","90.48%","47.62%","14.29%","0.00%","0.00%"
"Sier","Brayden","Collingwood","42.86%","28.57%","0.00%","0.00%","0.00%","0.00%"
"Silvagni","Jack","Carlton","53.33%","13.33%","6.67%","0.00%","0.00%","0.00%"
"Simpkin","Jy","North Melbourne","100.00%","95.45%","63.64%","36.36%","4.55%","0.00%"
"Simpson","Sam","Geelong Cats","33.33%","0.00%","0.00%","0.00%","0.00%","0.00%"
"Sinclair","Callum","Sydney Swans","0.00%","0.00%","0.00%","0.00%","0.00%","0.00%"
"Sinclair","Jack","St Kilda","95.24%","61.90%","19.05%","0.00%","0.00%","0.00%"
"Sloane","Rory","Adelaide Crows","100.00%","66.67%","33.33%","5.56%","0.00%","0.00%"
"Smith","Bailey","Western Bulldogs","95.45%","72.73%","59.09%","13.64%","4.55%","0.00%"
"Smith","Brodie","Adelaide Crows","85.71%","66.67%","28.57%","0.00%","0.00%","0.00%"
"Smith","Devon","Essendon","36.84%","10.53%","5.26%","0.00%","0.00%","0.00%"
"Smith","Isaac","Geelong Cats","100.00%","85.71%","33.33%","9.52%","0.00%","0.00%"
"Smith","Joel","Melbourne","0.00%","0.00%","0.00%","0.00%","0.00%","0.00%"
"Smith","Roarke","Western Bulldogs","20.00%","10.00%","0.00%","0.00%","0.00%","0.00%"
"Smith","Zac","Gold Coast Suns","0.00%","0.00%","0.00%","0.00%","0.00%","0.00%"
"Snelling","Will","Essendon","63.16%","36.84%","5.26%","0.00%","0.00%","0.00%"
"Spargo","Charlie","Melbourne","18.18%","0.00%","0.00%","0.00%","0.00%","0.00%"
"Sparrow","Tom","Melbourne","11.11%","0.00%","0.00%","0.00%","0.00%","0.00%"
"Spicer","Phoenix","North Melbourne","0.00%","0.00%","0.00%","0.00%","0.00%","0.00%"
"Sproule","Zach","GWS Giants","0.00%","0.00%","0.00%","0.00%","0.00%","0.00%"
"Stack","Sydney","Richmond","57.14%","28.57%","14.29%","0.00%","0.00%","0.00%"
"Stanley","Rhys","Geelong Cats","56.25%","18.75%","0.00%","0.00%","0.00%","0.00%"
"Starcevich","Brandon","Brisbane Lions","18.18%","4.55%","0.00%","0.00%","0.00%","0.00%"
"Steele","Jack","St Kilda","100.00%","95.45%","81.82%","50.00%","22.73%","0.00%"
"Stein","Jake","GWS Giants","0.00%","0.00%","0.00%","0.00%","0.00%","0.00%"
"Stephens","Dylan","Sydney Swans","14.29%","0.00%","0.00%","0.00%","0.00%","0.00%"
"Stephenson","Jaidyn","North Melbourne","89.47%","21.05%","10.53%","10.53%","5.26%","0.00%"
"Stewart","James","Essendon","25.00%","0.00%","0.00%","0.00%","0.00%","0.00%"
"Stewart","Tom","Geelong Cats","100.00%","95.00%","55.00%","5.00%","0.00%","0.00%"
"Stocker","Liam","Carlton","47.06%","5.88%","0.00%","0.00%","0.00%","0.00%"
"Stone","Conor","GWS Giants","0.00%","0.00%","0.00%","0.00%","0.00%","0.00%"
"Strachan","Kieran","Adelaide Crows","50.00%","0.00%","0.00%","0.00%","0.00%","0.00%"
"Stringer","Jake","Essendon","55.56%","27.78%","11.11%","0.00%","0.00%","0.00%"
"Sturt","Sam","Fremantle","0.00%","0.00%","0.00%","0.00%","0.00%","0.00%"
"Swallow","David","Gold Coast Suns","90.48%","76.19%","33.33%","4.76%","0.00%","0.00%"
"Sweet","Jordon","Western Bulldogs","0.00%","0.00%","0.00%","0.00%","0.00%","0.00%"
"Switkowski","Sam","Fremantle","33.33%","0.00%","0.00%","0.00%","0.00%","0.00%"
"Taberner","Matt","Fremantle","12.50%","0.00%","0.00%","0.00%","0.00%","0.00%"
"Taranto","Tim","GWS Giants","100.00%","86.36%","72.73%","27.27%","9.09%","0.00%"
"Tarrant","Robbie","North Melbourne","40.00%","10.00%","0.00%","0.00%","0.00%","0.00%"
"Taylor","Curtis","North Melbourne","36.84%","0.00%","0.00%","0.00%","0.00%","0.00%"
"Taylor","Lewis","Sydney Swans","0.00%","0.00%","0.00%","0.00%","0.00%","0.00%"
"Taylor","Sam","GWS Giants","41.18%","17.65%","0.00%","0.00%","0.00%","0.00%"
"Thilthorpe","Riley","Adelaide Crows","21.43%","0.00%","0.00%","0.00%","0.00%","0.00%"
"Thomas","Josh","Collingwood","40.00%","0.00%","0.00%","0.00%","0.00%","0.00%"
"Thomas","Tarryn","North Melbourne","85.71%","33.33%","4.76%","0.00%","0.00%","0.00%"
"Tohill","Anton","Collingwood","0.00%","0.00%","0.00%","0.00%","0.00%","0.00%"
"Tomlinson","Adam","Melbourne","57.14%","0.00%","0.00%","0.00%","0.00%","0.00%"
"Townsend","Jacob","Gold Coast Suns","0.00%","0.00%","0.00%","0.00%","0.00%","0.00%"
"Treacy","Josh","Fremantle","6.67%","0.00%","0.00%","0.00%","0.00%","0.00%"
"Treloar","Adam","Western Bulldogs","92.31%","76.92%","53.85%","7.69%","7.69%","0.00%"
"Tucker","Darcy","Fremantle","75.00%","37.50%","6.25%","0.00%","0.00%","0.00%"
"Tuohy","Zach","Geelong Cats","84.21%","68.42%","52.63%","10.53%","0.00%","0.00%"
"Turner","Kayne","North Melbourne","22.73%","4.55%","4.55%","0.00%","0.00%","0.00%"
"Tyson","Dom","North Melbourne","0.00%","0.00%","0.00%","0.00%","0.00%","0.00%"
"Ugle-Hagan","Jamarra","Western Bulldogs","0.00%","0.00%","0.00%","0.00%","0.00%","0.00%"
"vandenBerg","Aaron","Melbourne","25.00%","0.00%","0.00%","0.00%","0.00%","0.00%"
"Vandermeer","Laitham","Western Bulldogs","0.00%","0.00%","0.00%","0.00%","0.00%","0.00%"
"Vardy","Nathan","West Coast Eagles","0.00%","0.00%","0.00%","0.00%","0.00%","0.00%"
"Viney","Jack","Melbourne","91.67%","50.00%","16.67%","8.33%","0.00%","0.00%"
"Vlastuin","Nick","Richmond","58.33%","41.67%","8.33%","8.33%","0.00%","0.00%"
"Walker","Brandon","Fremantle","10.00%","0.00%","0.00%","0.00%","0.00%","0.00%"
"Walker","Josh","North Melbourne","14.29%","0.00%","0.00%","0.00%","0.00%","0.00%"
"Walker","Taylor","Adelaide Crows","41.18%","11.76%","0.00%","0.00%","0.00%","0.00%"
"Wallis","Mitch","Western Bulldogs","16.67%","0.00%","0.00%","0.00%","0.00%","0.00%"
"Walsh","Sam","Carlton","100.00%","100.00%","81.82%","54.55%","18.18%","0.00%"
"Walters","Michael","Fremantle","31.25%","18.75%","0.00%","0.00%","0.00%","0.00%"
"Ward","Callan","GWS Giants","100.00%","72.73%","31.82%","9.09%","4.55%","0.00%"
"Warner","Chad","Sydney Swans","66.67%","33.33%","0.00%","0.00%","0.00%","0.00%"
"Waterman","Alec","Essendon","7.69%","0.00%","0.00%","0.00%","0.00%","0.00%"
"Waterman","Jake","West Coast Eagles","35.71%","7.14%","0.00%","0.00%","0.00%","0.00%"
"Watson","Tobe","Fremantle","18.18%","0.00%","0.00%","0.00%","0.00%","0.00%"
"Webster","Jimmy","St Kilda","60.00%","25.00%","0.00%","0.00%","0.00%","0.00%"
"Weideman","Sam","Melbourne","0.00%","0.00%","0.00%","0.00%","0.00%","0.00%"
"Weightman","Cody","Western Bulldogs","0.00%","0.00%","0.00%","0.00%","0.00%","0.00%"
"Weitering","Jacob","Carlton","59.09%","27.27%","0.00%","0.00%","0.00%","0.00%"
"Weller","Lachie","Gold Coast Suns","92.31%","30.77%","15.38%","0.00%","0.00%","0.00%"
"West","Connor","West Coast Eagles","20.00%","0.00%","0.00%","0.00%","0.00%","0.00%"
"West","Rhylee","Western Bulldogs","0.00%","0.00%","0.00%","0.00%","0.00%","0.00%"
"Western","Joel","Fremantle","0.00%","0.00%","0.00%","0.00%","0.00%","0.00%"
"Whitfield","Lachie","GWS Giants","93.33%","86.67%","53.33%","33.33%","6.67%","0.00%"
"Wicks","Sam","Sydney Swans","14.29%","4.76%","0.00%","0.00%","0.00%","0.00%"
"Wilkie","Callum","St Kilda","54.55%","18.18%","4.55%","0.00%","0.00%","0.00%"
"Williams","Bailey","Western Bulldogs","63.16%","21.05%","5.26%","0.00%","0.00%","0.00%"
"Williams","Bailey J.","West Coast Eagles","0.00%","0.00%","0.00%","0.00%","0.00%","0.00%"
"Williams","Dylan","Port Adelaide","0.00%","0.00%","0.00%","0.00%","0.00%","0.00%"
"Williams","Zac","Carlton","78.57%","50.00%","14.29%","0.00%","0.00%","0.00%"
"Williamson","Tom","Carlton","9.09%","0.00%","0.00%","0.00%","0.00%","0.00%"
"Wilson","Nathan","Fremantle","83.33%","27.78%","0.00%","0.00%","0.00%","0.00%"
"Wilson","Tom","Collingwood","25.00%","0.00%","0.00%","0.00%","0.00%","0.00%"
"Winder","Isiah","West Coast Eagles","0.00%","0.00%","0.00%","0.00%","0.00%","0.00%"
"Wines","Ollie","Port Adelaide","100.00%","100.00%","95.45%","63.64%","31.82%","9.09%"
"Wingard","Chad","Hawthorn","87.50%","75.00%","31.25%","18.75%","0.00%","0.00%"
"Witherden","Alex","West Coast Eagles","88.89%","66.67%","33.33%","22.22%","0.00%","0.00%"
"Witts","Jarrod","Gold Coast Suns","33.33%","0.00%","0.00%","0.00%","0.00%","0.00%"
"Wood","Easton","Western Bulldogs","27.27%","9.09%","0.00%","0.00%","0.00%","0.00%"
"Wood","Mason","St Kilda","33.33%","11.11%","0.00%","0.00%","0.00%","0.00%"
"Woodcock","Boyd","Port Adelaide","28.57%","0.00%","0.00%","0.00%","0.00%","0.00%"
"Worpel","James","Hawthorn","95.00%","55.00%","30.00%","5.00%","0.00%","0.00%"
"Worrell","Josh","Adelaide Crows","0.00%","0.00%","0.00%","0.00%","0.00%","0.00%"
"Wright","Peter","Essendon","30.00%","5.00%","0.00%","0.00%","0.00%","0.00%"
"Xerri","Tristan","North Melbourne","0.00%","0.00%","0.00%","0.00%","0.00%","0.00%"
"Yeo","Elliot","West Coast Eagles","91.67%","66.67%","25.00%","16.67%","0.00%","0.00%"
"Young","Hayden","Fremantle","75.00%","12.50%","0.00%","0.00%","0.00%","0.00%"
"Young","Lachie","North Melbourne","33.33%","6.67%","0.00%","0.00%","0.00%","0.00%"
"Young","Lewis","Western Bulldogs","28.57%","0.00%","0.00%","0.00%","0.00%","0.00%"
"Zaharakis","David","Essendon","33.33%","11.11%","0.00%","0.00%","0.00%","0.00%"
"Zerk-Thatcher","Brandon","Essendon","16.67%","0.00%","0.00%","0.00%","0.00%","0.00%"
"Ziebell","Jack","North Melbourne","100.00%","80.95%","47.62%","23.81%","9.52%","0.00%"
"Zorko","Dayne","Brisbane Lions","95.24%","85.71%","38.10%","14.29%","4.76%","0.00%"
"Zurhaar","Cameron","North Melbourne","20.00%","5.00%","0.00%","0.00%","0.00%","0.00%"
NA,NA,NA,NA,NA,NA,NA,NA,NA
